# Modifiche alle evoluzioni (a/0/3/4). Una riga per evoluzione: da, verso = specie (costante senza SPECIES_);
# metodo/parametro nuovi (nomi di tools/audit.py EVO; NONE = evoluzione tolta). Il parametro è un livello o un oggetto.
da,verso,metodo,parametro,motivo
KADABRA,ALAKAZAM,LEVEL,37,D7 scambio -> livello
MACHOKE,MACHAMP,LEVEL,37,D7 scambio -> livello
GRAVELER,GOLEM,LEVEL,37,D7 scambio -> livello
HAUNTER,GENGAR,LEVEL,37,D7 scambio -> livello
ONIX,STEELIX,STONE,ITEM_METAL_COAT,D7 strumento usato come pietra
SCYTHER,SCIZOR,STONE,ITEM_METAL_COAT,D7 strumento usato come pietra
SEADRA,KINGDRA,STONE,ITEM_DRAGON_SCALE,D7 strumento usato come pietra
SLOWPOKE,SLOWKING,STONE,ITEM_KINGS_ROCK,D7 strumento usato come pietra
POLIWHIRL,POLITOED,STONE,ITEM_KINGS_ROCK,D7 strumento usato come pietra
PORYGON,PORYGON2,STONE,ITEM_UPGRADE,D7 strumento usato come pietra
MAGNETON,MAGNEZONE,NONE,0,D8
LICKITUNG,LICKILICKY,NONE,0,D8
RHYDON,RHYPERIOR,NONE,0,D8
TANGELA,TANGROWTH,NONE,0,D8
ELECTABUZZ,ELECTIVIRE,NONE,0,D8
MAGMAR,MAGMORTAR,NONE,0,D8
EEVEE,LEAFEON,NONE,0,D8
EEVEE,GLACEON,NONE,0,D8
TOGETIC,TOGEKISS,NONE,0,D8
AIPOM,AMBIPOM,NONE,0,D8
YANMA,YANMEGA,NONE,0,D8
MURKROW,HONCHKROW,NONE,0,D8
MISDREAVUS,MISMAGIUS,NONE,0,D8
GLIGAR,GLISCOR,NONE,0,D8
SNEASEL,WEAVILE,NONE,0,D8
PILOSWINE,MAMOSWINE,NONE,0,D8
PORYGON2,PORYGON_Z,NONE,0,D8
